{"train/logps/rejected":-363.3688659667969,"total_flos":0,"train/epoch":3,"train/rewards/accuracies":1,"train_steps_per_second":1.732,"train/loss":0,"_step":75,"train/logits/chosen":-0.41002213954925537,"train_loss":0.05862427153510301,"train/rewards/margins":16.77676010131836,"_runtime":42,"train_runtime":43.3039,"train_samples_per_second":6.928,"_timestamp":1.7640398052249687e+09,"train/logps/chosen":-222.15396118164062,"train/global_step":75,"train/rewards/rejected":-19.75276756286621,"train/grad_norm":1.1677996553771663e-05,"train/logits/rejected":-0.9883219003677368,"train/learning_rate":2.9850746268656716e-06,"_wandb":{"runtime":42},"train/rewards/chosen":-2.9760079383850098}