{"_runtime":58,"train/logits/chosen":-0.41002213954925537,"train/learning_rate":2.9850746268656716e-06,"_timestamp":1.7640821360864968e+09,"_wandb":{"runtime":58},"train/logits/rejected":-0.9883219003677368,"train/grad_norm":1.1677996553771663e-05,"train/global_step":75,"train/logps/rejected":-363.3688659667969,"train/rewards/chosen":-2.9760079383850098,"train/rewards/accuracies":1,"train/rewards/rejected":-19.75276756286621,"train/loss":0,"train/logps/chosen":-222.15396118164062,"_step":74,"train/epoch":3,"train/rewards/margins":16.77676010131836}