{"_step":74,"train/rewards/accuracies":1,"train/logits/rejected":-0.9883219003677368,"train/global_step":75,"train/learning_rate":2.9850746268656716e-06,"train/grad_norm":1.1677996553771663e-05,"train/rewards/margins":16.77676010131836,"train/logps/chosen":-222.15396118164062,"train/rewards/chosen":-2.9760079383850098,"train/logits/chosen":-0.41002213954925537,"_timestamp":1.764043465115203e+09,"train/logps/rejected":-363.3688659667969,"_wandb":{"runtime":39},"train/rewards/rejected":-19.75276756286621,"train/epoch":3,"_runtime":39,"train/loss":0}