{"_wandb":{"runtime":48},"train/rewards/accuracies":1,"train_steps_per_second":1.5,"train/logps/chosen":-228.6442108154297,"train/logps/rejected":-365.49725341796875,"_runtime":48,"_step":75,"train/rewards/rejected":-19.145183563232422,"train_runtime":49.9881,"train/rewards/margins":14.644704818725586,"train/global_step":75,"train/rewards/chosen":-4.5004777908325195,"train/grad_norm":8.942805288825184e-05,"train/loss":0,"train/logits/rejected":-0.9835810661315918,"total_flos":0,"train/epoch":3,"train_loss":0.05649126649775212,"_timestamp":1.764039412903417e+09,"train/learning_rate":2.9850746268656716e-06,"train/logits/chosen":-0.5425551533699036,"train_samples_per_second":6.001}