{"train/logits/chosen":-0.41002213954925537,"total_flos":0,"train/rewards/margins":16.77676010131836,"_step":75,"train/rewards/chosen":-2.9760079383850098,"train/learning_rate":2.9850746268656716e-06,"train/loss":0,"train/epoch":3,"train_samples_per_second":5.083,"train/global_step":75,"train_runtime":59.0159,"_wandb":{"runtime":58},"_timestamp":1.7640432419310715e+09,"train_loss":0.05862427153510301,"train/grad_norm":1.1677996553771663e-05,"train/logits/rejected":-0.9883219003677368,"_runtime":58,"train_steps_per_second":1.271,"train/rewards/rejected":-19.75276756286621,"train/logps/chosen":-222.15396118164062,"train/rewards/accuracies":1,"train/logps/rejected":-363.3688659667969}