{"train_samples_per_second":6.845,"_step":75,"train/logps/rejected":-363.3688659667969,"train/rewards/accuracies":1,"train/rewards/margins":16.77676010131836,"train_runtime":43.8266,"train/grad_norm":1.1677996553771663e-05,"train/learning_rate":2.9850746268656716e-06,"train/epoch":3,"total_flos":0,"train/global_step":75,"train/logits/rejected":-0.9883219003677368,"_wandb":{"runtime":51},"_runtime":51,"_timestamp":1.7640827266785672e+09,"train_loss":0.05862427153510301,"train/logits/chosen":-0.41002213954925537,"train/loss":0,"train/logps/chosen":-222.15396118164062,"train_steps_per_second":1.711,"train/rewards/chosen":-2.9760079383850098,"train/rewards/rejected":-19.75276756286621}