{"train/logits/rejected":-0.9883219003677368,"train/logits/chosen":-0.41002213954925537,"train/epoch":3,"total_flos":0,"train/logps/chosen":-222.15396118164062,"train/learning_rate":2.9850746268656716e-06,"train_runtime":69.1742,"_timestamp":1.7641698099412947e+09,"train/logps/rejected":-363.3688659667969,"train/rewards/chosen":-2.9760079383850098,"train/loss":0,"train/rewards/accuracies":1,"train_steps_per_second":1.084,"train/rewards/margins":16.77676010131836,"train_samples_per_second":4.337,"_runtime":72,"_step":75,"_wandb":{"runtime":72},"train/grad_norm":1.1677996553771663e-05,"train/rewards/rejected":-19.75276756286621,"train_loss":0.05862427153510301,"train/global_step":75}